Keyword,Tracked,Campaigns,Relevancy,Monthly Volume,Min Monthly Volume,Max Monthly Volume,Search Intent,Difficulty,Organic CTR,Last Updated
meal plan,FALSE,,0.9849537096736215,32786,30301,70800,commercial,49,88,2025-05-15
meal planning,FALSE,,1,23821,11501,30300,informational,55,92,2025-07-26
meal planner,FALSE,,0.9363079945117312,22880,11501,30300,commercial,53,97,2025-06-19
meal plans,FALSE,,0.9618350279880762,22880,11501,30300,navigational,52,58,2025-05-17
emeals,FALSE,,0.8157837990730996,12123,11501,30300,transactional,51,36,2025-08-03
meal planning template,FALSE,,0.8237975847062959,7400,6501,9300,informational,50,83,2025-03-25
healthy meal plans,FALSE,,0.9241352066740661,7400,6501,9300,navigational,57,94,2025-04-12
weekly meal planner,FALSE,,0.9421963991283012,5943,4301,6500,navigational,54,97,2025-07-08
weekly meal plans,FALSE,,0.9069167692905851,4689,4301,6500,informational,52,88,2025-03-06
meal planning app,FALSE,,0.9554209597030721,3485,2901,4300,commercial,57,88,2025-04-08
plan to eat,FALSE,,0.8155117281413836,3393,2901,4300,navigational,51,38,2025-04-12
meal planning ideas,FALSE,,0.9558542614663141,3042,2901,4300,navigational,44,92,2025-08-04
meal plan ideas,FALSE,,0.857236603149906,2555,1701,2900,transactional,48,97,2025-04-08
weekly menu planner,FALSE,,0.9156960241976143,2406,1701,2900,commercial,56,90,2025-04-10
meal prep plan,FALSE,,0.8145711063360175,1676,851,1700,informational,57,46,2025-06-19
family meal plans,FALSE,,0.8531108404699818,1623,851,1700,commercial,44,100,2025-06-16
healthy meal plans for the week,FALSE,,0.8146539810783936,1621,851,1700,informational,59,90,2025-04-10
weekly meal plan,FALSE,,0.9420527440876565,1534,851,1700,navigational,48,100,2025-04-10
family meal planning,FALSE,,0.8128448479908427,1513,851,1700,,,,
free meal planner,FALSE,,0.9843884332224174,1419,851,1700,navigational,58,93,2025-08-04
meal plan app,FALSE,,0.8529923732487824,1393,851,1700,commercial,61,92,2025-04-08
meal planner free,FALSE,,0.8122882703044934,1200,851,1700,commercial,56,100,2025-03-25
food planner,FALSE,,0.8153930109919221,1200,851,1700,informational,57,94,2025-01-26
free meal planning,FALSE,,0.9440029132160707,1131,851,1700,informational,55,45,2025-04-10
free meal plans,FALSE,,0.9728416523806204,1131,851,1700,"commercial,transactional",56,85,2025-04-09
best meal plans,FALSE,,0.9795468198198289,1076,851,1700,commercial,49,86,2025-06-18
menu planning,FALSE,,0.980369589249288,1075,851,1700,informational,44,92,2025-07-05
menu plan,FALSE,,0.963089066824391,1075,851,1700,transactional,59,83,2025-07-05
meal planning calendar,FALSE,,0.9444409793770818,966,851,1700,commercial,52,79,2025-03-06
meal planning service,FALSE,,0.8184512464887923,950,851,1700,commercial,38,97,2025-02-13
family meal plan,FALSE,,0.8584333458988198,950,851,1700,informational,48,96,2025-06-16
menu planning app,FALSE,,0.8049787464020913,785,501,850,commercial,56,88,2025-07-05
meal planning on a budget,FALSE,,0.8390470964713751,650,501,850,informational,50,97,2024-06-26
meal planning for weight loss,FALSE,,0.8201160030962692,638,501,850,informational,63,37,2025-01-12
week meal plan,FALSE,,0.943613667863899,638,501,850,informational,50,89,2025-01-22
healthy meal planning,FALSE,,0.8183330552244894,625,501,850,informational,57,97,2025-01-22
7 day family meal plan,FALSE,,0.9014436808019309,606,501,850,informational,48,82,2024-07-27
how to meal plan,FALSE,,0.9857957668832302,575,501,850,informational,52,97,2025-04-12
easy meal plans,FALSE,,0.8230051185387028,516,501,850,navigational,49,45,2025-07-04
weekly meal plan ideas,FALSE,,0.9851715331376923,500,201,500,transactional,50,64,2025-04-04
meal planning recipes,FALSE,,0.985307497652082,500,201,500,informational,45,100,2025-04-10
how to plan meals,FALSE,,0.8692983884481519,500,201,500,informational,53,85,2025-07-05
meal plan for a week,FALSE,,0.8163769566504467,483,201,500,informational,53,89,2025-01-22
meal planning website,FALSE,,0.9488196350871105,473,201,500,commercial,55,94,2025-04-08
meal planning websites,FALSE,,0.9457225327515982,473,201,500,commercial,57,95,2025-03-20
easy meal plan for the week,FALSE,,0.9488530823740061,443,201,500,transactional,49,93,2025-07-04
weekly meal planning,FALSE,,0.9419393649250685,432,201,500,informational,49,94,2025-01-22
meal prep planner,FALSE,,0.8087701562091604,420,201,500,commercial,51,94,2025-06-19
family meal planner,FALSE,,0.8101144738370615,407,201,500,informational,41,97,2025-06-16
mealime app,FALSE,,0.8060553355834623,398,201,500,informational,57,38,2025-06-19
meal calendar,FALSE,,0.8122882703044934,393,201,500,navigational,57,100,2025-06-19
how to create a meal plan,FALSE,,0.8200129775194166,392,201,500,informational,52,85,2025-06-17
how to make a meal plan,FALSE,,0.959167544785707,388,201,500,informational,56,94,2025-04-10
one week meal plan,FALSE,,0.861258272849932,384,201,500,transactional,55,90,2025-07-06
food planning,FALSE,,0.8217328213772641,371,201,500,informational,56,87,2025-05-16
weekly meal planner with grocery list,FALSE,,0.8104614876683566,370,201,500,transactional,47,94,2025-04-10
how to plan meals for the week,FALSE,,0.8209977871279391,367,201,500,informational,49,92,2025-07-05
simple meal plans,FALSE,,0.8907148532980891,360,201,500,informational,49,100,2025-01-03
simple meal plan,FALSE,,0.8620997527938977,360,201,500,informational,49,96,2025-04-08
meal plan website,FALSE,,0.8293252958635887,360,201,500,commercial,55,46,2025-05-17
simple meal planning,FALSE,,0.8094733877827728,360,201,500,commercial,44,85,2024-10-20
daily meal planner,FALSE,,0.8151507787432863,347,201,500,informational,57,64,2025-07-02
meal planners,FALSE,,0.8097058853466061,346,201,500,informational,35,91,2025-03-15
free meal plan,FALSE,,0.8141298780354039,346,201,500,transactional,56,92,2025-02-24
how to meal plan for a week,FALSE,,0.8209776060343846,334,201,500,informational,55,85,2025-04-12
how to meal plan for the week,FALSE,,0.8209776060343846,334,201,500,informational,52,82,2025-04-10
online meal plans,FALSE,,0.9756869608591914,310,201,500,commercial,50,38,2025-07-06
meal planning chart,FALSE,,0.8226262265492797,298,201,500,informational,55,64,2025-05-13
free healthy meal plans,FALSE,,0.922628471942773,295,201,500,commercial,57,92,2024-11-19
meal plan for the week,FALSE,,0.8170449853728715,287,201,500,transactional,51,88,2024-07-05
meal planning for one,FALSE,,0.8119462075181417,272,201,500,informational,51,100,2025-04-10
menu plans,FALSE,,0.9642019203278099,263,201,500,navigational,49,84,2025-07-05
healthy meal planning ideas,FALSE,,0.8095570115558007,247,201,500,informational,56,97,2025-03-26
weekly menu planning,FALSE,,0.9223858980824234,243,201,500,informational,50,85,2025-06-11
free weekly meal planner,FALSE,,0.9627212207531125,236,201,500,,,,
free weekly meal plans,FALSE,,0.9683701339816789,236,201,500,transactional,55,46,2025-06-19
plan meals,FALSE,,0.8699020226473597,230,201,500,informational,54,94,2025-06-22
plan to eat app,FALSE,,0.9481124690640235,226,201,500,navigational,44,39,2025-04-08
healthy diet menu,FALSE,,0.80843285840526,218,201,500,informational,65,84,2025-07-10
meal planning free,FALSE,,0.9240172264263734,207,201,500,commercial,55,41,2024-06-26
meal planning template with grocery list,FALSE,,0.8091045911762045,195,101,200,commercial,49,64,2025-02-14
meal plan chart,FALSE,,0.9649621899626749,174,101,200,informational,54,56,2025-04-04
weekly meal plans for weight loss,FALSE,,0.8077259273478836,174,101,200,informational,58,89,2024-12-05
diet meal planning,FALSE,,0.8155310019792525,174,101,200,informational,59,61,2025-06-19
create meal plan,FALSE,,0.8075370104386567,166,101,200,transactional,56,92,2025-07-02
healthy weekly meal plan with grocery list,FALSE,,0.8017363193998379,165,101,200,informational,54,100,2025-02-13
meal planning worksheet,FALSE,,0.9732359686636057,163,101,200,"informational,transactional",49,64,2025-03-25
simple weekly meal plans,FALSE,,0.9498736136290022,156,101,200,transactional,47,57,2025-07-16
meal planning tips,FALSE,,0.8211155042237247,142,101,200,informational,60,93,2025-04-10
easy meal planner,FALSE,,0.9431479924543986,132,101,200,transactional,48,89,2025-07-04
meal plan guide,FALSE,,0.8664932295539108,124,101,200,informational,52,97,2024-09-13
how to plan a meal,FALSE,,0.9709142026217792,122,101,200,informational,54,85,2025-04-10
weekly menu plan,FALSE,,0.8146863887519646,121,101,200,navigational,51,90,2025-02-02
meal plan help,FALSE,,0.9816834666819563,105,101,200,informational,54,92,2025-04-10
make a meal plan,FALSE,,0.8204063274640673,105,101,200,,,,
meal planning guide,FALSE,,0.9689662563695288,104,101,200,informational,56,96,2025-04-04
meal planning tools,FALSE,,0.9637359955330143,103,101,200,commercial,48,91,2025-05-12
sample weekly meal plan,FALSE,,0.8049497478085336,103,101,200,transactional,52,64,2025-07-08
menu planning worksheet,FALSE,,0.8316949666000313,102,101,200,commercial,51,64,2024-06-26
meal planning for beginners,FALSE,,0.9638114298274318,100,51,100,informational,54,92,2025-04-10
plan a meal,FALSE,,0.8699020226473597,92,51,100,informational,54,79,2024-06-26
monthly meal planner and grocery list,FALSE,,0.8052357581761528,86,51,100,transactional,50,97,2025-07-06
meal plan program,FALSE,,0.8432964164231478,85,51,100,commercial,55,36,2024-06-26
meal planning to save money,FALSE,,0.962837628404604,85,51,100,informational,45,92,2025-03-01
what is meal planning,FALSE,,0.946759617262781,83,51,100,informational,48,85,2025-04-10
free meal planners,FALSE,,0.9454698226751598,82,51,100,informational,54,77,2025-01-03
how to plan meals for a week,FALSE,,0.8060553355834623,82,51,100,informational,49,85,2025-03-24
how to meal plan on a budget,FALSE,,0.804890525807984,79,51,100,informational,54,92,2025-04-12
plan meals for the week,FALSE,,0.8202081132992528,73,51,100,commercial,49,74,2025-06-22
build a meal plan,FALSE,,0.8079827382627104,72,51,100,transactional,59,97,2025-06-10
menu planning ideas,FALSE,,0.9118216184725861,71,51,100,commercial,43,97,2025-07-05
how to make a weekly meal plan,FALSE,,0.8102885313306968,70,51,100,informational,50,88,2025-04-10
benefits of meal planning,FALSE,,0.9489719942747984,60,51,100,informational,52,92,2025-04-10
easy meal planning ideas,FALSE,,0.9425036727769206,59,51,100,informational,46,77,2025-07-04
how to meal plan for a month,FALSE,,0.9340175121848864,59,51,100,informational,49,93,2025-04-12
meal plan schedule,FALSE,,0.8187391607527802,58,51,100,navigational,54,85,2025-05-13
grocery planning,FALSE,,0.9623341958334749,58,51,100,informational,51,59,2025-07-05
weekly meal planner template with grocery list,FALSE,,0.8035394743662675,48,11,50,transactional,43,64,2025-03-25
planning meals for a week,FALSE,,0.819244141262804,47,11,50,,,,
free meal planning service,FALSE,,0.8187213671661363,39,11,50,navigational,55,71,2025-07-09
online meal plan,FALSE,,0.832708557303953,39,11,50,commercial,59,85,2025-07-06
meal planning system,FALSE,,0.8316949666000313,39,11,50,informational,24,97,2024-06-26
how to build a meal plan,FALSE,,0.8187213671661363,39,11,50,informational,56,88,2025-03-24
best meal planning website,FALSE,,0.8126686488119602,39,11,50,commercial,49,97,2024-06-26
how to do a meal plan,FALSE,,0.862345025906019,36,11,50,informational,50,84,2025-04-10
weekly meal planner with grocery list on a budget,FALSE,,0.8086255763674288,36,11,50,transactional,53,92,2025-02-24
family meal plan with shopping list,FALSE,,0.8053124768734061,32,11,50,transactional,51,43,2025-06-16
meal planning activity for students,FALSE,,0.8126686488119602,31,11,50,informational,29,97,2024-06-26
recipe planning,FALSE,,0.8151411805116194,31,11,50,,,,
meal planning 101,FALSE,,0.9628432753138377,30,11,50,informational,56,94,2025-04-04
free meal planning website,FALSE,,0.8061663787521015,29,11,50,commercial,58,97,2025-04-08
meal planning website reviews,FALSE,,0.835191509962116,27,11,50,commercial,25,80,2024-06-26
personalized meal planning service,FALSE,,0.8187213671661363,27,11,50,commercial,31,38,2024-03-19
how to meal planning,FALSE,,0.8553281922539078,27,11,50,informational,53,92,2025-04-10
eat this much vs mealime,FALSE,,0.8187213671661363,27,11,50,,,,
mealboard app store,FALSE,,0.8187213671661363,24,11,50,,,,
meal planning class,FALSE,,0.835191509962116,24,11,50,informational,20,85,2024-09-24
meal planning resources,FALSE,,0.9249503603220862,23,11,50,"informational,commercial",48,97,2024-09-13
how to meal plan and prep,FALSE,,0.8107608270912094,22,11,50,informational,61,88,2025-03-24
free weekly meal planner with grocery list,FALSE,,0.8039172685327374,19,11,50,navigational,49,43,2025-06-19
meal plan tips,FALSE,,0.8523415955795811,17,11,50,commercial,57,80,2024-07-31
cooking light meal plan,FALSE,,0.8187213671661363,14,11,50,informational,61,38,2025-08-02
easy menu planning for beginners,FALSE,,0.9628337712371755,13,11,50,,,,
meal planner and shopping list,FALSE,,0.8126686488119602,11,,10,commercial,52,94,2024-11-20
meal planning handout,FALSE,,0.835191509962116,11,,10,informational,49,100,2024-06-26
meal planning ideas for one,FALSE,,0.9147220906687326,10,,10,informational,48,43,2025-01-22
how to set up a meal plan,FALSE,,0.9540098041631485,10,,10,informational,54,79,2025-03-24
plan meal,FALSE,,0.8651954121619718,9,,10,informational,51,83,2025-06-22
plan your weekly meals,FALSE,,0.818733341952773,8,,10,informational,55,77,2025-06-22
how to make a meal plan for a week,FALSE,,0.819441527211976,8,,10,informational,57,85,2025-04-10
start meal planning,FALSE,,0.8053154985881898,6,,10,informational,54,83,2025-06-18
menu maker for home,FALSE,,0.8219647670246101,5,,10,informational,53,77,2025-07-05
best custom meal plans,FALSE,,0.8126686488119602,5,,10,informational,43,37,2025-04-06
making a food plan,FALSE,,0.8157737160828541,5,,10,informational,54,85,2025-06-04
plan your meal,FALSE,,0.8608330949898124,2,,10,informational,55,85,2025-06-22
meal planning activity,FALSE,,0.8316949666000313,2,,10,informational,32,96,2024-06-26
overwhelmed by meal planning,FALSE,,0.8060553355834623,2,,10,,,,
meal planning service free,FALSE,,0.8187213671661363,1,,10,,56,85,2025-05-12
mealtime app reviews,FALSE,,0.8187213671661363,1,,10,,,,
healthy meal planning guide,FALSE,,0.8060553355834623,1,,10,commercial,60,94,2024-06-26
meal planning worksheets for students,FALSE,,0.8252081668830838,1,,10,transactional,39,82,2025-02-14
meal planning methods,FALSE,,0.9378373416937986,1,,10,informational,44,77,2024-06-26
meal planning essentials,FALSE,,0.8389464541562851,1,,10,commercial,43,79,2024-06-26
meal planning 2018,FALSE,,0.8060553355834623,1,,10,commercial,36,70,2024-07-19
meal planning recipes and grocery list,FALSE,,0.9375316301020903,1,,10,commercial,52,44,2024-11-20
how to use mealime,FALSE,,0.8187213671661363,1,,10,informational,32,85,2025-03-24
meal planning made simple,FALSE,,0.8060553355834623,1,,10,,,,
parent mealtime app,FALSE,,0.8187213671661363,,,,,,,
today's parent mealtime app review,FALSE,,0.8187213671661363,,,,,,,
today's parent meal planning,FALSE,,0.8187213671661363,,,,,,,
healthy meal planning tools,FALSE,,0.8316949666000313,,,,commercial,55,42,2024-06-26
mealime vs mealime pro,FALSE,,0.8187213671661363,,,,,,,
grocery store meal plan,FALSE,,0.8252081668830838,,,,,,,
mealime share,FALSE,,0.8187213671661363,,,,,,,
today's parent meal planner app,FALSE,,0.8187213671661363,,,,,,,
plan to eat alexa,FALSE,,0.8060553355834623,,,,commercial,34,85,2024-11-20
meal plan calendar,FALSE,,0.7253581230473468,810,501,850,,50,60,2025-02-20
healthy meal plans for weight loss,FALSE,,0.7457594501471637,534,501,850,informational,65,97,2025-04-04
weekly grocery list and meal planner,FALSE,,0.6301175614078937,470,201,500,informational,51,83,2025-06-15
sample meal plan,FALSE,,0.6388524763931172,456,201,500,transactional,53,64,2025-07-08
healthy eating plan for weight loss,FALSE,,0.679001550198297,395,201,500,informational,72,82,2025-03-25
planning meals for the week,FALSE,,0.6865541548091002,310,201,500,informational,52,79,2024-07-05
weekly diet plan,FALSE,,0.683035089503982,285,201,500,informational,65,58,2025-06-15
create meal plans,FALSE,,0.6929730461266702,195,101,200,transactional,57,96,2025-07-02
free family meal plans,FALSE,,0.7532597993206397,174,101,200,"commercial,transactional",46,91,2024-10-10
create a meal plan,FALSE,,0.643056917087976,168,101,200,,,,
weekly meal planner app,FALSE,,0.7946115366033404,139,101,200,"navigational,commercial",58,88,2025-01-17
meal planning planner,FALSE,,0.7971722001057203,133,101,200,informational,37,97,2025-03-15
meal planning notepad,FALSE,,0.7532597993206397,122,101,200,transactional,29,96,2025-07-09
meal planning worksheets,FALSE,,0.7532597993206397,122,101,200,commercial,50,59,2025-05-13
menu planning tools,FALSE,,0.7259042026865099,118,101,200,commercial,51,83,2025-07-05
meal planning tool,FALSE,,0.6219409126985247,113,101,200,commercial,52,91,2024-03-18
meal prep worksheet,FALSE,,0.7881147686536081,111,101,200,commercial,47,62,2025-06-19
how to make a diet plan,FALSE,,0.636690452169412,105,101,200,informational,62,79,2025-04-09
how to create a diet plan,FALSE,,0.6328825939995522,105,101,200,informational,58,85,2025-04-09
meal planning schedule,FALSE,,0.7532597993206397,102,101,200,informational,53,96,2025-05-13
emeals app,FALSE,,0.634600017877894,101,101,200,navigational,54,89,2025-08-03
free healthy meal planner,FALSE,,0.6816069923029586,92,51,100,transactional,57,46,2024-11-04
meal planning program,FALSE,,0.6493523211213844,73,51,100,navigational,53,83,2025-07-07
meal templates,FALSE,,0.6865541548091002,65,51,100,,,,
meal planning based on grocery sales,FALSE,,0.634600017877894,64,51,100,,,,
meal plan blog,FALSE,,0.7965504168181868,47,11,50,"informational,commercial",38,97,2024-06-26
grocery list with recipes,FALSE,,0.7127916596786363,47,11,50,informational,46,91,2025-07-05
how to make a diet plan for weight loss,FALSE,,0.6444050928314528,41,11,50,informational,68,85,2025-04-12
healthy recipe plans,FALSE,,0.7565704260619399,40,11,50,commercial,60,93,2025-05-20
lifehacker meal planning,FALSE,,0.7253581230473468,39,11,50,,,,
free menu planner,FALSE,,0.7667491202740968,39,11,50,,,,
meal planning pdf,FALSE,,0.7377639948186528,39,11,50,commercial,37,94,2024-08-30
recipe shopping list app,FALSE,,0.6865541548091002,31,11,50,informational,56,79,2025-04-15
easy way to meal plan,FALSE,,0.7532597993206397,31,11,50,,,,
plantoeat app,FALSE,,0.7532597993206399,31,11,50,navigational,45,38,2024-11-20
meal planning activities for students,FALSE,,0.7874805729354798,27,11,50,informational,33,83,2025-05-13
planning weekly meals,FALSE,,0.7532597993206397,27,11,50,informational,47,77,2024-07-05
meal planner recipes,FALSE,,0.6255554714533789,27,11,50,commercial,51,97,2024-10-20
make meal plan,FALSE,,0.7636399619207938,27,11,50,informational,55,88,2025-06-17
plan to eat reviews,FALSE,,0.6865541548091002,27,11,50,commercial,32,88,2024-11-20
weekly cooking schedule,FALSE,,0.6865541548091002,27,11,50,,,,
meal plans for dinner,FALSE,,0.7819607498594631,27,11,50,,,,
7-day family meal plan,FALSE,,0.7377639948186528,26,11,50,informational,41,97,2025-03-06
basic menu planning,FALSE,,0.7532597993206397,24,11,50,,,,
app that tells you when to eat,FALSE,,0.7532597993206399,24,11,50,,,,
meal planner weekly,FALSE,,0.630147579695943,24,11,50,,,,
meal prep grocery list for beginners,FALSE,,0.6955063268683672,12,11,50,"commercial,transactional",45,94,2025-03-31
meal planning guides,FALSE,,0.7532597993206397,11,,10,informational,59,94,2025-05-13
7-day meal plan,FALSE,,0.7377639948186528,11,,10,informational,51,78,2025-05-16
how to meal plan for beginners,FALSE,,0.7920815024143913,11,11,50,informational,59,85,2025-03-24
make your meals,FALSE,,0.7785725633233546,11,,10,navigational,54,43,2025-05-17
the kitchn meal plan,FALSE,,0.6865541548091002,8,,10,,,,
simple menu plans,FALSE,,0.77844570780874,8,,10,"informational,commercial",48,92,2025-06-18
meal planning tips and tricks,FALSE,,0.795610976312259,5,,10,informational,55,77,2024-08-01
epicurious meal plan,FALSE,,0.6865541548091002,5,,10,transactional,43,93,2025-06-19
introduction to meal planning,FALSE,,0.7532597993206397,4,,10,,,,
wic meal plan,FALSE,,0.7532597993206397,2,,10,,,,
meal planning resource,FALSE,,0.6005808484502461,1,,10,,,,
healthy meal planning blog,FALSE,,0.7874805729354798,1,,10,,,,
smart meal planning,FALSE,,0.7532597993206399,1,,10,,,,
meal planning in nutrition,FALSE,,0.7377639948186528,1,,10,,,,
meal planning ppt,FALSE,,0.7377639948186528,1,,10,,,,
free weekly meal plan,FALSE,,0.634600017877894,1,,10,,,,
menu planning based on grocery sales,FALSE,,0.634600017877894,1,,10,informational,42,62,2025-07-05
best way to plan meals,FALSE,,0.7257309257813578,1,,10,informational,50,88,2025-06-04
does meal planning save money,FALSE,,0.7532597993206399,1,,10,informational,38,79,2025-03-24
magnetic meal planning pad,FALSE,,0.6865541548091002,,,,,27,94,2025-01-21
i hate planning meals,FALSE,,0.7532597993206397,,,,,,,
healthy meal planning 101,FALSE,,0.7532597993206397,,,,informational,44,85,2024-06-26
menu planning app for mac,FALSE,,0.6865541548091002,,,,,,,
simple meal planning strategies,FALSE,,0.6865541548091002,,,,,,,
every dollar meal plan,FALSE,,0.634600017877894,,,,,,,
menu planning with alexa,FALSE,,0.7532597993206399,,,,commercial,45,79,2024-11-04
meal planning guidelines for a family on a budget,FALSE,,0.7532597993206397,,,,commercial,51,85,2025-07-25
meal prep ideas,FALSE,,0.569048407298127,79822,70801,118000,transactional,57,92,2025-08-04
meal prep recipes,FALSE,,0.569048407298127,67274,30301,70800,navigational,52,95,2025-06-29
meal prep,FALSE,,0.569048407298127,37916,30301,70800,informational,56,97,2025-07-16
meal plan for weight loss,FALSE,,0.4462424237458533,9781,9301,11500,commercial,66,94,2025-06-29
meal planner template,FALSE,,0.4376630834033204,6301,4301,6500,informational,49,57,2025-07-16
meal plan template,FALSE,,0.4376630834033204,5006,4301,6500,transactional,50,82,2025-03-25
meal planner app,FALSE,,0.592227068405403,4106,2901,4300,commercial,58,88,2025-04-08
meal plans for weight loss,FALSE,,0.4462424237458533,3382,2901,4300,informational,59,85,2025-02-24
clean eating meal plan,FALSE,,0.5642718392577042,3288,2901,4300,informational,52,94,2025-07-04
day 1,FALSE,,0.5627882810404934,2741,1701,2900,navigational,35,46,2025-05-17
how to meal prep,FALSE,,0.562171127866644,2190,1701,2900,informational,57,88,2025-04-12
best meal planning app,FALSE,,0.5918858337228117,1177,851,1700,commercial,46,93,2025-06-18
weekly menu,FALSE,,0.5952500738498565,1134,851,1700,informational,46,97,2025-04-10
meal planner calendar,FALSE,,0.49775749369906025,966,851,1700,transactional,53,62,2025-03-25
meal planning for a week,FALSE,,0.569092798722153,894,851,1700,informational,51,92,2025-02-27
meal planning apps,FALSE,,0.5466139202848215,866,851,1700,commercial,55,92,2025-02-25
weekly grocery list,FALSE,,0.5751982785635565,707,501,850,commercial,53,94,2025-06-15
easy meal planning,FALSE,,0.566141870906406,650,501,850,informational,43,90,2025-07-04
recipe meal planner,FALSE,,0.5544995885038735,500,201,500,informational,49,94,2025-01-22
weekly meals,FALSE,,0.560619522468684,495,201,500,informational,53,46,2024-07-17
my meal plan,FALSE,,0.4552513691487143,492,201,500,informational,48,94,2025-07-06
meal plans for the week,FALSE,,0.5668572360634302,457,201,500,"informational,commercial",52,88,2024-07-17
meal planning calendar template,FALSE,,0.5684079602971638,432,201,500,,,,
summer meal plan,FALSE,,0.4648565225773691,395,201,500,transactional,28,94,2024-12-23
healthy meal plans for families,FALSE,,0.5609632201809961,366,201,500,transactional,49,37,2025-03-12
online meal planner,FALSE,,0.5736038619031968,365,201,500,commercial,57,97,2025-07-06
meal planning software,FALSE,,0.4376630834033204,360,201,500,informational,42,96,2025-04-08
planning meals,FALSE,,0.4753625703959853,358,201,500,informational,56,35,2023-12-22
menu planning template,FALSE,,0.562171127866644,328,201,500,navigational,49,82,2025-07-05
online meal planning,FALSE,,0.5972527794103449,310,201,500,commercial,57,89,2025-07-06
free healthy meal planners,FALSE,,0.5730344526179382,295,201,500,"commercial,transactional",57,85,2024-11-04
weekly meal plans on a budget,FALSE,,0.569048407298127,267,201,500,transactional,51,93,2025-04-10
meal plan and grocery list,FALSE,,0.5754220229589031,240,201,500,,52,45,2025-05-31
meal planning ideas for families,FALSE,,0.5752852397286468,239,201,500,commercial,41,97,2025-03-06
lunch meal prep for the week,FALSE,,0.4679033399751865,198,101,200,transactional,55,97,2025-07-05
dream dinners locations,FALSE,,0.5289115970457623,185,101,200,transactional,59,60,2025-02-10
meal planning for the week,FALSE,,0.5643012703858836,163,101,200,informational,51,90,2025-05-13
kid friendly weekly meal plans,FALSE,,0.5297600209320341,163,101,200,commercial,43,97,2024-07-27
what foods to eat to lose belly fat?,FALSE,,0.42714757266479036,163,101,200,informational,68,97,2025-03-25
how can i lose 10 pounds in 7 days?,FALSE,,0.42714757266479036,163,101,200,informational,68,88,2025-07-09
simple weekly meal plan,FALSE,,0.5918659033069048,156,101,200,informational,46,95,2025-07-16
weekly meal plan kid friendly,FALSE,,0.562171127866644,153,101,200,commercial,45,97,2024-10-10
meal planning how to,FALSE,,0.4654476207502756,142,101,200,informational,51,93,2025-06-04
weekly meal plan recipes,FALSE,,0.49775749369906025,132,101,200,commercial,45,94,2025-03-06
meal planning calendar printable,FALSE,,0.47239284977970086,132,101,200,,49,64,2025-02-14
meal chart,FALSE,,0.49775749369906025,130,101,200,,,,
how to meal plan for two,FALSE,,0.4649413299430586,122,101,200,informational,38,96,2025-01-03
simple healthy diet,FALSE,,0.5544177248650026,110,101,200,informational,70,89,2025-06-18
meal planning sites,FALSE,,0.5694642856455694,102,101,200,commercial,56,86,2025-04-26
menu planning examples,FALSE,,0.569048407298127,92,51,100,commercial,49,68,2025-05-31
easy meal plan ideas,FALSE,,0.4874547613770321,92,51,100,,,,
meal plan books,FALSE,,0.4546811830939663,92,51,100,,37,85,2025-03-20
meal planner ideas,FALSE,,0.5613672723623319,92,51,100,informational,48,89,2025-02-24
meal prep blogs,FALSE,,0.4777021285432595,85,51,100,informational,35,97,2024-11-22
healthy family meal plans for a week,FALSE,,0.5577175638945884,82,51,100,informational,55,94,2025-07-10
how to plan your meals,FALSE,,0.4753625703959853,82,51,100,informational,55,88,2024-10-30
plan food,FALSE,,0.5672129600605722,79,51,100,informational,57,92,2025-06-22
meal plan table,FALSE,,0.4648757872607798,73,51,100,transactional,50,82,2025-05-17
how to plan a weekly menu,FALSE,,0.5297600209320341,73,51,100,informational,50,85,2025-04-10
real food meal plan,FALSE,,0.49775749369906025,71,51,100,,,,
meal planning calendar app,FALSE,,0.5684079602971638,70,51,100,commercial,51,83,2025-04-08
ideas for meal planning,FALSE,,0.562171127866644,64,51,100,commercial,50,80,2025-05-13
how to plan out meals,FALSE,,0.4753625703959853,64,51,100,informational,53,77,2024-10-30
how can you use myplate to create a healthy meal plan?,FALSE,,0.42714757266479036,64,51,100,informational,53,82,2025-02-22
weekly meal plan calendar,FALSE,,0.49775749369906025,56,51,100,commercial,47,64,2024-10-19
meal plans weekly,FALSE,,0.5624205736579657,55,51,100,transactional,50,97,2025-05-13
what is the best meal delivery service?,FALSE,,0.42714757266479036,55,51,100,commercial,51,85,2025-04-09
clean eating meal plan pdf,FALSE,,0.5498344911379965,51,51,100,transactional,46,97,2025-07-04
healthy meal planning app,FALSE,,0.567858644294548,49,11,50,commercial,67,88,2024-10-23
plan my meal,FALSE,,0.4654476207502756,47,11,50,,,,
plan weekly meals,FALSE,,0.49775749369906025,47,11,50,informational,52,97,2025-03-06
weekly menu plans,FALSE,,0.5625240137323521,46,11,50,commercial,46,91,2025-03-06
help me meal plan,FALSE,,0.47481102088512794,39,11,50,commercial,53,97,2025-05-13
meal plan organizer,FALSE,,0.5924573947438991,39,11,50,commercial,43,97,2025-07-09
meal plan websites,FALSE,,0.5964915476117537,39,11,50,commercial,58,45,2025-05-17
free menu planning,FALSE,,0.554266228282792,39,11,50,transactional,54,40,2025-07-15
my fitness pal meal plan,FALSE,,0.5521382373278261,39,11,50,,,,
meal plans free,FALSE,,0.4748636636032649,39,11,50,,,,
plan your meals,FALSE,,0.4753625703959853,39,11,50,informational,53,35,2023-12-21
automatic meal planner,FALSE,,0.5289115970457623,36,11,50,navigational,49,46,2025-06-17
restaurant menu planning,FALSE,,0.562171127866644,35,11,50,commercial,29,76,2023-09-11
meal planning ideas on a budget,FALSE,,0.5752852397286468,32,11,50,informational,51,86,2025-04-08
meal plan system,FALSE,,0.46492405751284643,31,11,50,,,,
meal plan programs,FALSE,,0.4648632486732873,31,11,50,,52,94,2025-05-17
meal planning for a week ideas,FALSE,,0.5684079602971638,31,11,50,commercial,48,96,2024-08-30
planning a meal,FALSE,,0.4753625703959853,31,11,50,,59,83,2025-06-04
meal plans for 1,FALSE,,0.4649635857501849,31,11,50,,,,
meal plans for 2,FALSE,,0.4395788367302352,31,11,50,,,,
what is 21 day meal plan?,FALSE,,0.42714757266479036,31,11,50,informational,37,85,2025-03-25
meal plans online,FALSE,,0.4547209107734981,31,11,50,,,,
which meal delivery service is cheapest?,FALSE,,0.42714757266479036,31,11,50,commercial,50,85,2025-04-09
meal plan this week,FALSE,,0.46491399117593885,31,11,50,,,,
what is a cardiac diet menu plan?,FALSE,,0.42714757266479036,31,11,50,informational,65,70,2025-04-08
meal planning service near me,FALSE,,0.5525369003953134,27,11,50,,,,
how far in advance can you meal prep?,FALSE,,0.42714757266479036,27,11,50,informational,46,82,2025-01-29
meal planning calendars,FALSE,,0.47239284977970086,27,11,50,,,,
meal for the week plan,FALSE,,0.4395150867098826,27,11,50,,,,
meal planning calendar free printable,FALSE,,0.4821067956022148,27,11,50,transactional,51,64,2024-10-19
meal planning activities for adults,FALSE,,0.49775749369906025,27,11,50,,49,89,2025-05-31
planning meal,FALSE,,0.4753625703959853,27,11,50,informational,56,70,2025-06-04
meal plans for free,FALSE,,0.46492394280546817,27,11,50,,,,
plan meals for me,FALSE,,0.44031523391030464,27,11,50,,,,
what is the best meal delivery program?,FALSE,,0.42714757266479036,27,11,50,informational,56,77,2025-03-23
what should i eat when fasting for 16 8?,FALSE,,0.42714757266479036,27,11,50,informational,64,38,2024-06-25
quick meal plans,FALSE,,0.567825224990315,25,11,50,transactional,48,86,2025-07-08
meal plan tool,FALSE,,0.4648495396697059,24,11,50,commercial,56,46,2025-05-13
healthy meal plan blog,FALSE,,0.5297600209320341,24,11,50,,,,
meal planning statistics,FALSE,,0.4777021285432595,24,11,50,commercial,53,79,2025-02-03
meal planning ideas for the week,FALSE,,0.5684079602971638,24,11,50,"commercial,transactional",50,44,2024-08-30
how to stick to a meal plan,FALSE,,0.5924573947438991,24,11,50,informational,51,88,2025-06-17
meals planning,FALSE,,0.4753625703959853,24,11,50,,,,
is meal prepping good for weight loss?,FALSE,,0.42714757266479036,24,11,50,informational,59,82,2025-04-08
what is the healthiest meal delivery service?,FALSE,,0.42714757266479036,24,11,50,commercial,51,77,2025-04-09
what should i make for dinner this week?,FALSE,,0.42714757266479036,24,11,50,commercial,60,43,2025-04-09
how much does plan to eat cost?,FALSE,,0.42714757266479036,24,11,50,informational,26,88,2025-04-08
what is the best meal planning service?,FALSE,,0.42714757266479036,24,11,50,commercial,45,85,2024-09-05
healthy eating schedule times,FALSE,,0.5648872220899877,20,11,50,informational,53,85,2024-10-25
meal planner with recipes,FALSE,,0.5548659320841148,17,11,50,,,,
meal planning ideas for two,FALSE,,0.4883359585702495,16,11,50,informational,42,97,2025-01-22
creating a meal plan for the week,FALSE,,0.5528761398490709,12,11,50,,56,82,2025-07-02
meal planning guidelines,FALSE,,0.4538867734653462,11,,10,informational,54,85,2025-05-13
meal planning ideas for a week,FALSE,,0.5185766932552454,11,,10,,,,
weekly meal planner recipes,FALSE,,0.5522989111394082,11,,10,commercial,48,94,2025-02-02
why is meal planning so important?,FALSE,,0.42714757266479036,10,,10,,48,89,2025-05-31
why is meal planning important?,FALSE,,0.42714757266479036,6,,10,informational,46,89,2025-01-13
what can i cook for the week?,FALSE,,0.42714757266479036,6,,10,informational,48,85,2025-04-10
meal planning service reviews,FALSE,,0.5684079602971638,5,,10,,,,
why meal planning is important?,FALSE,,0.42714757266479036,4,,10,informational,47,85,2025-03-25
your meal plan,FALSE,,0.4753625703959853,2,,10,,56,68,2025-05-17
how do you make a meal plan to lose weight?,FALSE,,0.42714757266479036,2,,10,informational,62,36,2025-04-09
what are the benefits of meal planning?,FALSE,,0.42714757266479036,2,,10,informational,47,85,2024-12-23
what should i eat for dinner this week?,FALSE,,0.42714757266479036,2,,10,commercial,58,100,2025-04-10
how do cleans eat for beginners?,FALSE,,0.42714757266479036,2,,10,informational,45,92,2025-04-09
how to meal plan for week,FALSE,,0.46491399117593885,1,,10,informational,54,92,2025-02-25
how do you plan a menu?,FALSE,,0.42714757266479036,1,,10,informational,46,74,2025-03-20
hate meal planning,FALSE,,0.5627882810404934,1,,10,,,,
how meal plan,FALSE,,0.5636759004959355,1,,10,,58,77,2025-03-10
does myfitnesspal have a meal planner?,FALSE,,0.42714757266479036,1,,10,informational,52,82,2025-02-14
meal calendar ideas,FALSE,,0.5297600209320341,1,,10,,,,
a meal plan,FALSE,,0.44031523391030464,1,,10,informational,53,80,2025-05-17
how do i make a weekly meal plan?,FALSE,,0.42714757266479036,1,,10,informational,50,88,2025-04-10
what are the 5 basic steps of meal planning?,FALSE,,0.5627882810404934,1,,10,informational,40,85,2025-05-13
weeks meal plan,FALSE,,0.4648742035634562,1,,10,"commercial,transactional",52,88,2025-03-06
making a weekly menu plan,FALSE,,0.5599787527237946,1,,10,informational,44,82,2025-01-22
what is meal planning?,FALSE,,0.42714757266479036,1,,10,informational,47,88,2024-09-13
week meals plan,FALSE,,0.4395150867098826,1,,10,,,,
real plans meal,FALSE,,0.4394919034874076,1,,10,,,,
how do i create a weekly menu and shopping list?,FALSE,,0.42714757266479036,1,,10,informational,44,79,2025-02-14
what is a meal plan?,FALSE,,0.42714757266479036,1,,10,informational,41,82,2025-05-15
what is meal plan?,FALSE,,0.42714757266479036,1,,10,informational,35,83,2025-01-16
how do i plan a menu for a week?,FALSE,,0.42714757266479036,1,,10,informational,50,85,2025-04-10
how do i create a healthy meal plan?,FALSE,,0.42714757266479036,1,,10,informational,65,83,2025-04-09
how do i start meal prepping?,FALSE,,0.42714757266479036,1,,10,informational,57,88,2025-03-09
what should i eat on a tight budget?,FALSE,,0.42714757266479036,1,,10,informational,60,92,2025-04-10
plan out your meals,FALSE,,0.4753625703959853,1,,10,,,,
what should i buy for a week of groceries?,FALSE,,0.42714757266479036,1,,10,informational,51,82,2025-04-06
what food is good to meal prep?,FALSE,,0.42714757266479036,1,,10,commercial,59,92,2025-04-08
what are the 6 principles of good menu planning?,FALSE,,0.42714757266479036,1,,10,informational,39,85,2025-04-10
what should i eat everyday?,FALSE,,0.42714757266479036,1,,10,informational,68,97,2025-04-08
what should i eat when there's nothing to eat?,FALSE,,0.42714757266479036,1,,10,informational,49,85,2025-04-10
what is a healthy 1200 calorie eating plan?,FALSE,,0.42714757266479036,1,,10,informational,60,85,2025-04-04
what makes a good meal plan?,FALSE,,0.42714757266479036,1,,10,informational,56,83,2024-11-19
family meal planning made easy,FALSE,,0.5924573947438991,,,,commercial,38,89,2024-09-24
meal planning ideas pinterest,FALSE,,0.5185766932552454,,,,"informational,commercial",64,91,2025-05-13
healthy meal planning made easy,FALSE,,0.5924573947438991,,,,commercial,47,80,2024-09-24
weekly meal planning made easy,FALSE,,0.5924573947438991,,,,informational,31,76,2024-09-24
how do you plan a meal for beginners?,FALSE,,0.42714757266479036,,,,informational,54,85,2025-04-08
how do i create a meal plan?,FALSE,,0.42714757266479036,,,,informational,55,79,2025-04-04
how do you plan meals for a month?,FALSE,,0.42714757266479036,,,,informational,34,85,2024-12-05
how do i plan a meal plan for a month?,FALSE,,0.42714757266479036,,,,informational,39,85,2025-02-24
free healthy meal planning,FALSE,,0.5505040413652175,,,,,,,
what is the best way to meal plan?,FALSE,,0.4424993338301597,,,,informational,52,88,2025-03-24
for meal plan,FALSE,,0.4753625703959853,,,,,,,
how do you plan your weekly meals?reddit · r/cooking · 40+ comments · 1 year agohow do you plan your weekly meals?reddit · r/cooking · 40+ comments · 1 year ago,FALSE,,0.5627882810404934,,,,,,,
what are some effective strategies for meal planning and preparation?quora · 1 answer · 1 year agowhat are some effective strategies for meal planning and preparation?quora · 1 answer · 1 year ago,FALSE,,0.5627882810404934,,,,,,,
meal planning newbiereddit · r/eatcheapandhealthy · 20+ comments · 1 year agomeal planning newbiereddit · r/eatcheapandhealthy · 20+ comments · 1 year ago,FALSE,,0.5627882810404934,,,,,,,
how can i save money on meal planning?,FALSE,,0.42714757266479036,,,,informational,45,84,2025-01-24
how do i make my weekly meal plan?,FALSE,,0.42714757266479036,,,,informational,50,85,2025-04-10
how do i make my meal plan easier?,FALSE,,0.42714757266479036,,,,informational,43,82,2024-09-24
how do you start meal planning?,FALSE,,0.42714757266479036,,,,informational,54,79,2024-07-15
how do i create a meal plan for my calendar?,FALSE,,0.42714757266479036,,,,informational,45,75,2024-07-19
plan a meal for a week,FALSE,,0.47485418270833696,,,,,,,
how can i make my diet plan stick to it?,FALSE,,0.42714757266479036,,,,informational,51,88,2025-05-13
how do you plan weekly meals on a budget?,FALSE,,0.42714757266479036,,,,informational,49,88,2025-04-10
what are the 5 rules in planning meals?,FALSE,,0.5627882810404934,,,,informational,41,85,2025-07-27
what are the top 5 food prep steps?,FALSE,,0.42714757266479036,,,,informational,31,79,2024-07-15
what are the principles of meal planning?,FALSE,,0.42714757266479036,,,,informational,46,76,2025-05-13
does meal planning really save money?,FALSE,,0.42714757266479036,,,,informational,46,80,2024-07-13
does meal planning save money?,FALSE,,0.42714757266479036,,,,,42,85,2025-05-12
does planning meals save money?,FALSE,,0.42714757266479036,,,,informational,42,85,2025-01-03
what is a healthy meal plan?,FALSE,,0.42714757266479036,,,,informational,68,82,2025-03-26
what is the cooking light diet plan?,FALSE,,0.42714757266479036,,,,informational,50,85,2025-03-24
plan week of meals,FALSE,,0.47485418270833696,,,,transactional,49,70,2025-05-17
how do you plan a meal plan on a budget?,FALSE,,0.42714757266479036,,,,informational,49,83,2025-04-10
how can i make a cheap meal plan?,FALSE,,0.42714757266479036,,,,informational,52,85,2025-04-10
how do you make a meal plan on a budget?,FALSE,,0.42714757266479036,,,,informational,53,89,2025-03-23
what is the 60/20/20 meal plan?,FALSE,,0.5627882810404934,,,,informational,39,85,2025-05-13
what is the 80 20 rule for meals?,FALSE,,0.5627882810404934,,,,,,,
how do i meal prep for the week?,FALSE,,0.42714757266479036,,,,informational,50,82,2025-01-29
how do you plan a weekly menu?,FALSE,,0.42714757266479036,,,,informational,45,92,2025-01-17
how do i plan a monthly menu?,FALSE,,0.42714757266479036,,,,informational,43,85,2025-05-13
what is the best meal planning app?,FALSE,,0.42714757266479036,,,,commercial,52,93,2025-04-08
what are the best meal planning apps?,FALSE,,0.42714757266479036,,,,commercial,48,92,2025-04-08
what is the best app for meal planning?,FALSE,,0.42714757266479036,,,,informational,49,89,2025-04-08
what is a good meal plan to lose weight?,FALSE,,0.4424993338301597,,,,informational,68,79,2025-04-08
how can i lose weight on a healthy meal plan?,FALSE,,0.42714757266479036,,,,informational,66,79,2024-06-22
how do i start a meal plan to lose weight?,FALSE,,0.42714757266479036,,,,informational,53,82,2025-01-29
how do you plan a menu for the week?,FALSE,,0.42714757266479036,,,,,47,78,2025-03-20
how do i plan my meals for the week?,FALSE,,0.42714757266479036,,,,informational,51,85,2025-04-10
how do i plan meals for the week?,FALSE,,0.42714757266479036,,,,informational,48,85,2025-03-24
how do you plan meals for the week?,FALSE,,0.42714757266479036,,,,informational,48,40,2025-04-08
what is the best meal planner app?,FALSE,,0.42714757266479036,,,,commercial,50,92,2025-04-06
what's the best meal planner app?,FALSE,,0.42714757266479036,,,,informational,49,88,2025-04-08
how do you plan meals for one week?,FALSE,,0.42714757266479036,,,,informational,51,79,2024-07-13
how do i plan my meal plan for a week?,FALSE,,0.42714757266479036,,,,informational,53,85,2025-04-06
how do i plan meals for a week?,FALSE,,0.42714757266479036,,,,informational,52,83,2025-04-10
how do you plan meals for a week?,FALSE,,0.42714757266479036,,,,informational,51,85,2025-04-10
how do you plan nutritious meals?,FALSE,,0.42714757266479036,,,,informational,59,82,2024-09-24
how do you plan a healthy meal plan?,FALSE,,0.42714757266479036,,,,informational,63,83,2025-07-07
how do you plan a healthy meal?,FALSE,,0.42714757266479036,,,,informational,64,83,2024-12-23
what is a good grocery budget for a family of 4?,FALSE,,0.42714757266479036,,,,informational,50,82,2025-02-24
how much should a grocery budget be for a family of 4?,FALSE,,0.42714757266479036,,,,informational,48,85,2025-03-14
how do you meal prep for a family?,FALSE,,0.42714757266479036,,,,informational,40,88,2024-11-19
how do busy moms meal prep?,FALSE,,0.42714757266479036,,,,informational,33,85,2025-03-25
how do i prep for food for a week?,FALSE,,0.42714757266479036,,,,informational,43,85,2024-12-13
how do i prep food for a week?,FALSE,,0.42714757266479036,,,,informational,44,88,2024-11-22
how do you plan a meal on a budget?,FALSE,,0.42714757266479036,,,,informational,50,85,2025-02-28
how do you plan a meal on a tight budget?,FALSE,,0.42714757266479036,,,,informational,52,88,2025-04-10
how do i prepare for dinner for the week?,FALSE,,0.42714757266479036,,,,informational,37,85,2025-03-24
how do i prepare meals for the week?,FALSE,,0.42714757266479036,,,,informational,40,85,2025-03-31
how do i prep meals for the week?,FALSE,,0.42714757266479036,,,,informational,50,88,2025-04-04
how do you prep meals for a week?,FALSE,,0.42714757266479036,,,,informational,49,85,2025-04-08
what is meal and menu?,FALSE,,0.42714757266479036,,,,informational,40,58,2025-02-22
what are e meals?,FALSE,,0.42714757266479036,,,,,38,62,2025-05-31
what is a good eating plan?,FALSE,,0.42714757266479036,,,,informational,72,91,2025-04-08
how would you devise a plan for eating better?,FALSE,,0.42714757266479036,,,,,52,79,2025-01-17
how do you make a meal plan stick to it?,FALSE,,0.42714757266479036,,,,informational,42,88,2025-04-10
how do you stick to a meal plan?,FALSE,,0.42714757266479036,,,,informational,44,79,2024-07-13
what time should i eat intermittent fasting?,FALSE,,0.42714757266479036,,,,,,,
how do i stick to a food plan?,FALSE,,0.42714757266479036,,,,informational,43,97,2025-05-13
how do i make a healthy meal plan?,FALSE,,0.4424993338301597,,,,informational,64,83,2025-04-10
how do i start a healthy meal plan?,FALSE,,0.42714757266479036,,,,informational,63,83,2024-11-19
what is a healthy daily meal plan?,FALSE,,0.4424993338301597,,,,informational,65,85,2025-04-10
what's a healthy daily meal plan?,FALSE,,0.42714757266479036,,,,informational,58,85,2024-12-05
what is the best way to meal prep?,FALSE,,0.42714757266479036,,,,informational,58,85,2025-03-28
how do i make a family meal plan?,FALSE,,0.42714757266479036,,,,informational,42,83,2025-04-10
how do i make a meal plan?,FALSE,,0.42714757266479036,,,,informational,55,85,2025-04-09
how do i start a meal plan?,FALSE,,0.42714757266479036,,,,informational,53,85,2025-04-10
what is a healthy weekly meal plan?,FALSE,,0.42714757266479036,,,,informational,59,77,2024-07-05
how do i make a healthy weekly meal plan?,FALSE,,0.42714757266479036,,,,informational,60,81,2025-02-06
how do i make a healthy meal plan for a week?,FALSE,,0.42714757266479036,,,,informational,57,85,2024-12-05
what are the benefits of having a written out menu plan for meals?,FALSE,,0.42714757266479036,,,,,37,88,2025-03-20
what should i eat for suggestions?,FALSE,,0.42714757266479036,,,,,,,
how do you plan food for a week?,FALSE,,0.42714757266479036,,,,,52,83,2025-03-20
how do i plan food for a week?,FALSE,,0.42714757266479036,,,,informational,54,79,2025-03-21
how do beginners meal prep for a week?,FALSE,,0.42714757266479036,,,,,,,
how do you meal prep for a week?,FALSE,,0.42714757266479036,,,,informational,47,82,2025-04-10
what is a sample menu?,FALSE,,0.42714757266479036,,,,informational,32,94,2025-04-10
what is menu and menu planning?,FALSE,,0.42714757266479036,,,,navigational,31,85,2025-07-03
what can i eat for lunch that is not processed?,FALSE,,0.42714757266479036,,,,commercial,51,88,2024-07-05
how do i make a nutrition plan?,FALSE,,0.42714757266479036,,,,informational,44,97,2025-01-13
how do you plan meals for 2 weeks?,FALSE,,0.42714757266479036,,,,informational,33,82,2025-04-10
whats a meal plan?,FALSE,,0.42714757266479036,,,,informational,50,75,2025-06-04
how can i eat for a week for cheap?,FALSE,,0.42714757266479036,,,,informational,48,82,2025-02-11
how do you plan a grocery list?,FALSE,,0.42714757266479036,,,,commercial,38,79,2025-02-11
how do i organize my meal planning?,FALSE,,0.42714757266479036,,,,informational,43,77,2024-07-13
what is an example of a well balanced meal?,FALSE,,0.4424993338301597,,,,informational,64,93,2025-04-10
why you should meal plan?,FALSE,,0.4424993338301597,,,,informational,46,92,2025-02-03
what is the best meal plan app?,FALSE,,0.42714757266479036,,,,commercial,48,92,2025-02-11
my meal plan for the week,FALSE,,0.47485418270833696,,,,,,,
what is a healthy dinner meal?,FALSE,,0.42714757266479036,,,,informational,60,79,2025-04-10
how important is meal planning?,FALSE,,0.42714757266479036,,,,,,,
what is a good meal plan?,FALSE,,0.42714757266479036,,,,informational,63,83,2025-04-08
what should be included in a meal plan?,FALSE,,0.42714757266479036,,,,informational,56,83,2025-01-14
what should i make for dinner for a week?,FALSE,,0.42714757266479036,,,,informational,52,79,2024-11-08
how much is meal plan?,FALSE,,0.42714757266479036,,,,informational,47,85,2024-12-23
what can i cook for a week?,FALSE,,0.42714757266479036,,,,informational,46,91,2025-04-07
how do you prepare a meal?,FALSE,,0.42714757266479036,,,,informational,60,97,2025-05-23
how do you make a simple meal?,FALSE,,0.42714757266479036,,,,informational,53,82,2025-02-24
how do you make an easy meal plan?,FALSE,,0.42714757266479036,,,,informational,49,85,2025-04-10
how do you make a meal plan?,FALSE,,0.42714757266479036,,,,informational,54,84,2025-04-10
what are the factors to consider when planning a meal?,FALSE,,0.42714757266479036,,,,informational,48,88,2025-05-15
what are the factors to consider in meal planning?,FALSE,,0.42714757266479036,,,,informational,53,85,2025-07-15
how do you plan meals for the week on a budget?,FALSE,,0.42714757266479036,,,,informational,51,82,2025-04-10
how do you budget for food for a week?,FALSE,,0.42714757266479036,,,,informational,51,82,2025-04-10
how much is the meal prep pro app?,FALSE,,0.42714757266479036,,,,commercial,43,88,2025-04-08
how much does meal planning cost?,FALSE,,0.42714757266479036,,,,informational,28,88,2024-11-20
how do you eat healthy on a low income budget?,FALSE,,0.42714757266479036,,,,informational,51,82,2025-02-22
how do i make a good meal plan?,FALSE,,0.42714757266479036,,,,informational,58,83,2025-03-25
how do you organise meals for the week?,FALSE,,0.42714757266479036,,,,informational,39,83,2025-04-06
how do i plan my weekly meals for my family?,FALSE,,0.42714757266479036,,,,informational,45,81,2025-04-10
how do you plan meals ahead?,FALSE,,0.42714757266479036,,,,informational,51,88,2024-09-05
what is the whole30 food plan?,FALSE,,0.42714757266479036,,,,informational,57,85,2024-11-22
how do you simplify a meal plan?,FALSE,,0.42714757266479036,,,,informational,33,85,2025-05-15
does meal planning help you lose weight?,FALSE,,0.42714757266479036,,,,informational,60,82,2025-04-08
dinner ideas,FALSE,,0.2837946204978662,455535,300001,1508000,informational,48,62,2025-07-24
recipes,FALSE,,0.2837946204978662,225000,118001,300000,navigational,74,28,2025-07-25
dinner recipes,FALSE,,0.2837946204978662,87070,70801,118000,informational,55,88,2025-06-25
healthy recipes,FALSE,,0.2837946204978662,35193,30301,70800,commercial,66,96,2025-07-15
healthy meals,FALSE,,0.3899937590506838,34275,30301,70800,commercial,60,82,2025-04-29
meal ideas,FALSE,,0.2837946204978662,22606,11501,30300,commercial,57,94,2025-06-19
easy meals,FALSE,,0.2837946204978662,21733,11501,30300,informational,52,79,2025-07-04
cheap meals,FALSE,,0.2837946204978662,14723,11501,30300,commercial,50,64,2025-07-25
keto meal plan,FALSE,,0.2837946204978662,4488,4301,6500,navigational,52,94,2025-06-06
eat this much,FALSE,,0.2837946204978662,4167,2901,4300,navigational,58,38,2025-07-04
mealime,FALSE,,0.2837946204978662,2634,1701,2900,navigational,60,36,2025-06-19
diet meal plan,FALSE,,0.39104322393469143,2603,1701,2900,navigational,62,30,2025-06-19
weekly menu ideas,FALSE,,0.2837946204978662,1302,851,1700,commercial,50,94,2025-04-10
whole food meal plan,FALSE,,0.2837946204978662,1181,851,1700,informational,47,61,2025-06-15
menu planner,FALSE,,0.2837946204978662,1075,851,1700,navigational,49,93,2025-07-05
best meal plan,FALSE,,0.3903202570751597,1070,851,1700,commercial,55,94,2025-06-18
list of meals for dinner,FALSE,,0.2837946204978662,1027,851,1700,informational,45,92,2025-04-08
7 day healthy eating plan,FALSE,,0.2837946204978662,966,851,1700,informational,56,52,2025-01-21
meal plan for diabetics,FALSE,,0.28411609481569905,935,851,1700,,,,
meal plans delivery,FALSE,,0.2837946204978662,880,851,1700,commercial,45,91,2025-02-02
budget meal planning,FALSE,,0.2837946204978662,780,501,850,transactional,53,91,2025-06-01
"52 week meal planner: the complete guide to planning menus, groceries, recipes, and more",FALSE,,0.2837946204978662,704,501,850,commercial,38,91,2025-05-21
7 day meal planner,FALSE,,0.2837946204978662,650,501,850,,,,
simple meal plan to lose weight,FALSE,,0.2837946204978662,647,501,850,informational,64,74,2025-04-04
free meal plans for weight loss,FALSE,,0.2837946204978662,640,501,850,informational,62,97,2025-03-25
easy meal plan,FALSE,,0.388246360073682,550,501,850,informational,48,94,2025-07-04
cheap meal plans for families,FALSE,,0.2837946204978662,546,501,850,transactional,48,80,2024-09-15
monthly meal planner template,FALSE,,0.2837946204978662,483,201,500,transactional,45,64,2025-07-06
meal planning on a budget for 2,FALSE,,0.2837946204978662,445,201,500,informational,40,45,2024-01-03
best free meal planning app 2018,FALSE,,0.2837946204978662,445,201,500,commercial,47,88,2025-01-17
healthy meal plans on a budget,FALSE,,0.2837946204978662,427,201,500,,,,
best meal planning service,FALSE,,0.2837946204978662,403,201,500,commercial,45,91,2025-06-18
what foods help burn belly fat?,FALSE,,0.3887340514287417,395,201,500,informational,65,92,2025-07-09
daily meal plan,FALSE,,0.3876824531413772,372,201,500,informational,60,46,2025-07-02
meal planning to lose weight,FALSE,,0.2837946204978662,346,201,500,,,,
meal plan for week,FALSE,,0.3918783053602965,334,201,500,commercial,52,88,2024-07-17
meal plan free,FALSE,,0.3875016164001788,322,201,500,informational,59,91,2025-04-08
meal plan for one,FALSE,,0.3857117273706074,310,201,500,informational,51,40,2025-05-17
monthly dinner menu ideas,FALSE,,0.2837946204978662,310,201,500,informational,37,79,2025-02-23
meal plan template excel,FALSE,,0.28718040600119543,303,201,500,informational,51,94,2025-03-25
food planner app,FALSE,,0.2837946204978662,298,201,500,,,,
meal plans for one,FALSE,,0.387563701176795,296,201,500,informational,51,94,2025-01-22
dinner meal plans,FALSE,,0.28718040600119543,295,201,500,,,,
planned meals,FALSE,,0.28718040600119543,287,201,500,,,,
easy unprocessed food recipes,FALSE,,0.2837946204978662,280,201,500,commercial,52,46,2025-07-04
easy week meal plan,FALSE,,0.2837946204978662,275,201,500,informational,50,42,2024-12-05
making a meal plan,FALSE,,0.28718040600119543,275,201,500,,,,
weekly meal planner template with snacks,FALSE,,0.28718040600119543,275,201,500,commercial,49,82,2025-02-22
how to make a meal plan for the week,FALSE,,0.28718040600119543,263,201,500,informational,53,85,2024-10-14
meal plan diet,FALSE,,0.3850830966191883,263,201,500,informational,65,35,2024-01-07
meal planner book,FALSE,,0.2837946204978662,253,201,500,commercial,24,94,2025-03-15
meals plans,FALSE,,0.390409999234799,252,201,500,informational,55,46,2025-04-08
best meal planning service 2018,FALSE,,0.2837946204978662,240,201,500,commercial,39,88,2025-05-17
weekly dinner menu for two,FALSE,,0.2837946204978662,240,201,500,"navigational,transactional",44,89,2025-07-25
food meal plans,FALSE,,0.38849634313476533,231,201,500,commercial,51,56,2025-07-04
plan my meals,FALSE,,0.3887340514287417,229,201,500,,,,
weekly dinner menu kid friendly,FALSE,,0.2837946204978662,218,201,500,commercial,48,97,2024-11-28
meal plan week,FALSE,,0.3907116639528669,218,201,500,transactional,52,88,2024-07-17
meal planning app for weight loss,FALSE,,0.2837946204978662,198,101,200,commercial,64,88,2025-01-17
meal plan reviews,FALSE,,0.3881074158080553,196,101,200,,,,
creating a meal plan,FALSE,,0.28718040600119543,196,101,200,,,,
family meal planning on a budget,FALSE,,0.2837946204978662,193,101,200,informational,51,97,2025-06-16
monthly meal planner app,FALSE,,0.2837946204978662,185,101,200,,,,
weekly meal planner with grocery list template,FALSE,,0.2837946204978662,185,101,200,commercial,44,64,2025-05-31
best meal plan app,FALSE,,0.38394280349821486,163,101,200,commercial,53,92,2025-06-18
how to meal plan for weight loss,FALSE,,0.2837946204978662,163,101,200,informational,65,88,2025-03-25
budget meal planning for 2,FALSE,,0.2837946204978662,147,101,200,transactional,36,96,2025-02-23
good meal plan,FALSE,,0.39199632059529727,142,101,200,informational,58,35,2025-07-05
meal plans for a week,FALSE,,0.28489127545029547,142,101,200,,,,
how to plan weekly meals,FALSE,,0.28718040600119543,142,101,200,informational,49,85,2025-02-25
help with meal planning,FALSE,,0.28718040600119543,142,101,200,,,,
amazon meal plan,FALSE,,0.3881074449110664,132,101,200,commercial,59,85,2024-11-13
what should i eat for dinner tonight?,FALSE,,0.2982183328461866,132,101,200,informational,49,97,2025-04-10
meal plan software,FALSE,,0.3881505218176361,130,101,200,commercial,32,40,2023-12-22
building a meal plan,FALSE,,0.38812950217110365,111,101,200,,,,
31 day meal plan,FALSE,,0.3000779788034108,111,101,200,,,,
low income diet plan,FALSE,,0.2837946204978662,111,101,200,informational,55,85,2025-07-17
healthy meal planning recipes,FALSE,,0.2837946204978662,108,101,200,,,,
meal planning help,FALSE,,0.28718040600119543,108,101,200,,54,96,2025-05-07
diet planner app,FALSE,,0.2837946204978662,107,101,200,informational,57,85,2025-04-08
weekly meal planner template with grocery list pdf,FALSE,,0.28718040600119543,102,101,200,,44,61,2025-07-08
health meal plan,FALSE,,0.38724289781506405,102,101,200,informational,62,83,2025-07-07
meal plan online,FALSE,,0.3852826233411087,102,101,200,commercial,56,94,2025-04-08
meal planner pdf,FALSE,,0.2837946204978662,102,101,200,,,,
meal plan for me,FALSE,,0.3845385712909682,85,51,100,commercial,55,94,2025-03-18
meal planning bodybuilding,FALSE,,0.2837946204978662,82,51,100,,,,
creating a food plan,FALSE,,0.28718040600119543,82,51,100,informational,57,85,2025-06-04
meal planning website free,FALSE,,0.2837946204978662,82,51,100,,,,
real meal plans,FALSE,,0.38815494609476003,82,51,100,,,,
how to make a meal plan and stick to it,FALSE,,0.28718040600119543,82,51,100,informational,43,79,2024-07-13
meal planning websites free,FALSE,,0.2837946204978662,77,51,100,commercial,54,97,2025-04-08
kids meal plans,FALSE,,0.28486868191478953,73,51,100,commercial,44,58,2025-01-17
2 week meal plan on a budget,FALSE,,0.2837946204978662,73,51,100,informational,32,72,2024-09-15
what is the best free calorie counter app?,FALSE,,0.28331093685453346,73,51,100,informational,70,38,2025-01-29
project meal plan,FALSE,,0.3002081420526368,68,51,100,navigational,55,45,2025-07-08
best meal planning app for families,FALSE,,0.2837946204978662,65,51,100,commercial,41,92,2025-05-16
basic meal plan,FALSE,,0.39132450055127144,64,51,100,,,,
kid friendly meal ideas for picky eaters,FALSE,,0.2837946204978662,64,51,100,,,,
meal plan for this week,FALSE,,0.28489127545029547,64,51,100,,,,
dinner plans for a week,FALSE,,0.28718040600119543,64,51,100,,,,
weekly meal planner template word,FALSE,,0.2837946204978662,58,51,100,transactional,53,64,2025-03-25
how to plan family meals for a week,FALSE,,0.28718040600119543,56,51,100,,38,95,2025-07-08
perfect meal plan,FALSE,,0.38818890680421947,55,51,100,informational,62,46,2025-07-07
personal meal plan,FALSE,,0.3805144177948998,55,51,100,navigational,53,36,2025-07-08
meal planner for the week,FALSE,,0.28718040600119543,55,51,100,,,,
meal plan budget,FALSE,,0.3804845842461718,55,51,100,,,,
how to make a meal plan for weight loss,FALSE,,0.2837946204978662,50,11,50,informational,51,85,2025-02-14
macro meal planner template,FALSE,,0.2837946204978662,50,11,50,transactional,27,43,2025-07-06
how to make meal plans,FALSE,,0.28718040600119543,47,11,50,informational,50,85,2025-05-13
how to create a meal plan for clients,FALSE,,0.2837946204978662,47,11,50,informational,33,88,2025-03-25
monthly meal plan on a budget,FALSE,,0.2837946204978662,47,11,50,commercial,42,91,2025-07-06
what is the cheapest meal delivery service?,FALSE,,0.3887340514287417,47,11,50,commercial,54,85,2025-04-09
dinner meal plan,FALSE,,0.28718040600119543,47,11,50,,,,
simplest meal plan,FALSE,,0.2837946204978662,47,11,50,commercial,44,79,2024-07-22
meal planner pro reviews,FALSE,,0.2837946204978662,47,11,50,commercial,45,82,2025-02-13
meal plan site,FALSE,,0.3881561089378036,46,11,50,,,,
monthly meal planner template excel,FALSE,,0.2837946204978662,46,11,50,commercial,46,88,2025-07-06
macro meal planner app,FALSE,,0.2837946204978662,41,11,50,navigational,50,82,2025-07-06
how to prepare a meal plan,FALSE,,0.28718040600119543,39,11,50,informational,58,85,2025-05-13
kid friendly meal plan with shopping list,FALSE,,0.2837946204978662,39,11,50,commercial,42,97,2025-03-25
meal plans for two,FALSE,,0.3853754678652318,39,11,50,commercial,45,85,2023-10-02
what are common grocery items?,FALSE,,0.2982183328461866,39,11,50,informational,46,92,2025-03-14
plan a week of meals,FALSE,,0.28718040600119543,39,11,50,,,,
meal planning menus,FALSE,,0.2837946204978662,39,11,50,,,,
meal planning definition,FALSE,,0.2837946204978662,31,11,50,,,,
day meal plan,FALSE,,0.3869058657688701,31,11,50,informational,58,46,2025-08-03
daily meal plans,FALSE,,0.38684101638748014,31,11,50,informational,56,58,2025-07-02
healthy meal plan template,FALSE,,0.2837946204978662,31,11,50,,,,
plan meals online,FALSE,,0.388174597005462,27,11,50,,,,
weekly meal plans free,FALSE,,0.28718040600119543,27,11,50,,,,
recipes with meal planning,FALSE,,0.28718040600119543,27,11,50,,,,
easiest meal planning,FALSE,,0.28718040600119543,27,11,50,,,,
free meal plan recipes,FALSE,,0.28718040600119543,27,11,50,,,,
making meal,FALSE,,0.28718040600119543,27,11,50,,,,
how plan meals for a week,FALSE,,0.28718040600119543,27,11,50,informational,51,88,2025-02-25
dinner meal plan for the week,FALSE,,0.28718040600119543,27,11,50,,,,
meal and activity planner,FALSE,,0.28718040600119543,27,11,50,,,,
planning out meals,FALSE,,0.28718040600119543,27,11,50,,,,
what is meal prepping?,FALSE,,0.3887340514287417,27,11,50,informational,57,96,2025-04-08
what's the best app for counting macros?,FALSE,,0.2982183328461866,27,11,50,commercial,48,97,2025-03-13
monthly meal planning template free,FALSE,,0.298755900000784,27,11,50,,,,
planning a week of meals,FALSE,,0.28718040600119543,27,11,50,,,,
meal plan 101,FALSE,,0.28718040600119543,27,11,50,,,,
meal planning worksheet pdf,FALSE,,0.2837946204978662,25,11,50,navigational,43,64,2025-03-25
meal planning website for sick,FALSE,,0.2837946204978662,24,11,50,,,,
how to plan a week of meals,FALSE,,0.28718040600119543,24,11,50,informational,51,85,2025-02-25
meal budgeting,FALSE,,0.28718040600119543,24,11,50,,,,
weekly indian meal planner app,FALSE,,0.2837946204978662,24,11,50,commercial,43,94,2024-11-19
meal plans for week,FALSE,,0.3002169673448167,24,11,50,,,,
make a meal plan for the week,FALSE,,0.28718040600119543,24,11,50,,,,
meals menu planning,FALSE,,0.28718040600119543,24,11,50,,,,
meal planner guide,FALSE,,0.28718040600119543,24,11,50,,,,
which is the best meal delivery service?,FALSE,,0.2982183328461866,24,11,50,commercial,53,85,2025-04-09
meal plan weekly menu,FALSE,,0.28718040600119543,24,11,50,,,,
easy meal planners,FALSE,,0.28718040600119543,23,11,50,,,,
how to write a meal plan,FALSE,,0.2837946204978662,20,11,50,informational,49,88,2025-04-08
2 week family meal plan,FALSE,,0.2837946204978662,20,11,50,transactional,35,94,2024-07-05
the meal plan,FALSE,,0.38865159307967007,19,11,50,informational,49,81,2025-05-17
family meal planning calendar,FALSE,,0.2837946204978662,18,11,50,informational,49,45,2025-06-16
advantages of meal planning,FALSE,,0.2837946204978662,17,11,50,informational,47,89,2025-04-10
meals plan,FALSE,,0.38621908713217035,17,11,50,informational,56,76,2025-04-08
food planning meal calendar,FALSE,,0.28718040600119543,17,11,50,,,,
week meal plan for one,FALSE,,0.2837946204978662,17,11,50,,,,
weekly cooking plan,FALSE,,0.28718040600119543,17,11,50,,,,
how to make a food plan,FALSE,,0.28718040600119543,17,11,50,informational,53,85,2025-07-09
monthly meal planner template pdf,FALSE,,0.2837946204978662,17,11,50,transactional,51,61,2025-07-06
help meal planning,FALSE,,0.28718040600119543,17,11,50,,,,
how to make a meal planner,FALSE,,0.28718040600119543,17,11,50,,,,
balanced diet menu for a week,FALSE,,0.2837946204978662,14,11,50,transactional,64,35,2025-07-08
planning menus for the week,FALSE,,0.28718040600119543,14,11,50,,,,
sample family meal plan,FALSE,,0.2837946204978662,13,11,50,informational,45,91,2025-07-08
how to organize a meal plan,FALSE,,0.28718040600119543,12,11,50,,,,
mealing planning,FALSE,,0.28718040600119543,11,,10,,,,
get meal plan,FALSE,,0.38808609099820457,11,,10,navigational,50,93,2025-07-13
meal plan paper,FALSE,,0.38811400681648006,11,,10,transactional,36,50,2025-05-17
100 days meal plan,FALSE,,0.28485927891800455,11,,10,,,,
plan my meals for the week,FALSE,,0.28718040600119543,11,,10,,,,
what is clean eating food list?,FALSE,,0.2982183328461866,11,,10,informational,50,34,2025-04-01
family meal planner on a budget,FALSE,,0.2837946204978662,11,,10,,47,97,2025-06-02
meal planning calendar template monthly,FALSE,,0.298755900000784,11,,10,,,,
my meal plans,FALSE,,0.3887340514287417,11,,10,,,,
what is menu planning?,FALSE,,0.3887340514287417,11,11,50,navigational,27,83,2025-07-15
what is the best prepared meal delivery service?,FALSE,,0.2982183328461866,11,,10,commercial,55,83,2025-04-09
dinner meal planning,FALSE,,0.28718040600119543,11,,10,,,,
how to plan meals for a week on a budget,FALSE,,0.2837946204978662,11,,10,informational,52,88,2024-10-14
design meal plan,FALSE,,0.3881570927744654,11,,10,,,,
how to food plan,FALSE,,0.28718040600119543,11,,10,,,,
planning meals ahead of time,FALSE,,0.28718040600119543,11,,10,,,,
cheap healthy meal plan for one,FALSE,,0.2837946204978662,11,11,50,,50,96,2025-07-03
full week meal plan,FALSE,,0.38843004203723247,8,,10,informational,60,93,2025-05-17
meal-planning,FALSE,,0.28718040600119543,7,,10,,,,
what is the best app for recipes?,FALSE,,0.3887340514287417,6,,10,commercial,50,85,2025-05-27
1800 calorie meal plan with grocery list,FALSE,,0.2837946204978662,5,,10,informational,40,61,2025-08-04
weekly meal planner template with grocery list excel,FALSE,,0.28718040600119543,5,,10,"commercial,transactional",48,92,2025-04-10
1 week family meal plan,FALSE,,0.2837946204978662,5,,10,informational,45,100,2025-05-17
what is meal planning and why is it important?,FALSE,,0.3887340514287417,5,,10,informational,44,85,2025-02-03
what sounds good for dinner fast food?,FALSE,,0.2982183328461866,5,,10,informational,45,93,2025-04-09
plan meals ahead,FALSE,,0.28718040600119543,5,,10,,,,
weekly dinner menu template word,FALSE,,0.2837946204978662,5,,10,,55,60,2025-06-19
best meal planning app 2018,FALSE,,0.2837946204978662,5,,10,navigational,46,92,2025-06-18
cheap healthy meal plan for two,FALSE,,0.2837946204978662,5,,10,,51,100,2025-07-03
free menu planner and shopping list,FALSE,,0.2837946204978662,4,,10,navigational,53,77,2025-07-15
create weekly meal plan,FALSE,,0.28718040600119543,4,,10,,,,
what groceries should i buy for a week?,FALSE,,0.3887340514287417,4,,10,commercial,52,88,2025-04-01
what is a 1200 calorie a day diet?,FALSE,,0.3887340514287417,4,,10,informational,60,88,2025-04-09
weekly meal planning guide,FALSE,,0.28718040600119543,3,,10,,,,
easy menu plans,FALSE,,0.28718040600119543,3,,10,informational,47,91,2025-07-04
is eating 1200 calories a day healthy?,FALSE,,0.3887340514287417,3,,10,informational,60,82,2024-07-05
what is the best app for carb counting?,FALSE,,0.2982183328461866,3,,10,commercial,37,97,2025-01-28
planned meal,FALSE,,0.28718040600119543,3,,10,,,,
rotating meal plan,FALSE,,0.2837946204978662,3,,10,,,,
making meal plans,FALSE,,0.28718040600119543,2,,10,,,,
state the importance of meal planning,FALSE,,0.28718040600119543,2,,10,,,,
weekly cooking planner,FALSE,,0.28718040600119543,2,,10,,,,
how to create a meal planner,FALSE,,0.28718040600119543,2,,10,,55,88,2025-05-13
free meal planning worksheet,FALSE,,0.2837946204978662,1,,10,transactional,51,64,2025-07-07
easy meal planning tips,FALSE,,0.28718040600119543,1,,10,,,,
menu planning wikipedia,FALSE,,0.2837946204978662,1,,10,navigational,68,85,2025-07-15
meal planning checklist,FALSE,,0.28718040600119543,1,,10,,,,
meal planning suggestions,FALSE,,0.28718040600119543,1,,10,,,,
food meal planning,FALSE,,0.28718040600119543,1,,10,,,,
recipes and meal planning,FALSE,,0.28718040600119543,1,,10,,,,
meal planning for beginners types of dishes,FALSE,,0.28718040600119543,1,,10,,,,
planning your meals for the week,FALSE,,0.28718040600119543,1,,10,informational,54,85,2025-06-04
how to plan dinner,FALSE,,0.28718040600119543,1,,10,informational,48,83,2025-05-13
do nutritionists give meal plans?,FALSE,,0.2982183328461866,1,,10,informational,39,88,2025-02-13
money saving meal ideas,FALSE,,0.2837946204978662,1,,10,,55,89,2025-06-09
planning food,FALSE,,0.28718040600119543,1,,10,,,,
meal planning simple,FALSE,,0.28718040600119543,1,,10,,,,
plan my weekly meals,FALSE,,0.28718040600119543,1,,10,,,,
introduction of meal planning,FALSE,,0.28718040600119543,1,,10,,,,
plan your weeks lunches,FALSE,,0.28718040600119543,1,,10,,,,
meal planning activities,FALSE,,0.28718040600119543,1,,10,,,,
food planning for the week,FALSE,,0.28718040600119543,1,,10,,,,
plan your meals for the week,FALSE,,0.28718040600119543,1,,10,,,,
weekly meal planner type in,FALSE,,0.28718040600119543,1,,10,,,,
household weekly meal planner,FALSE,,0.28718040600119543,1,,10,,,,
plans food,FALSE,,0.28718040600119543,1,,10,,,,
how to stick to meal prep,FALSE,,0.2837946204978662,1,,10,informational,50,77,2024-07-26
planning your meals,FALSE,,0.28718040600119543,1,,10,,,,
what is healthy to eat for dinner?,FALSE,,0.3887340514287417,1,,10,commercial,65,97,2025-03-23
importance of meal planning pdf,FALSE,,0.2837946204978662,1,,10,informational,39,79,2024-07-23
how much should you spend a week on food?,FALSE,,0.3887340514287417,1,,10,informational,49,88,2024-11-11
cooking plan,FALSE,,0.28718040600119543,1,,10,,,,
factors affecting meal planning,FALSE,,0.2837946204978662,1,,10,informational,27,82,2024-07-23
meal planner help,FALSE,,0.28718040600119543,1,,10,,,,
importance of meal planning for weight loss,FALSE,,0.2837946204978662,1,,10,informational,42,88,2025-02-03
how much is an emeals subscription?,FALSE,,0.2982183328461866,1,,10,informational,35,82,2024-09-05
how to design a meal plan,FALSE,,0.28718040600119543,1,,10,informational,55,85,2025-05-13
what is the best app for food tracking?,FALSE,,0.2982183328461866,1,,10,informational,59,97,2025-03-13
which meal delivery service is the best?,FALSE,,0.2982183328461866,1,,10,commercial,51,83,2025-04-03
how to organize a meal plan sign up,FALSE,,0.28718040600119543,1,,10,,,,
general foods menu planner,FALSE,,0.28718040600119543,1,,10,,,,
menu meal planning,FALSE,,0.28718040600119543,1,,10,,,,
meal plan kids,FALSE,,0.28486868191478953,1,,10,,,,
free weekly healthy dinner planner,FALSE,,0.28718040600119543,,,,,,,
free weekly meal planning guide,FALSE,,0.28718040600119543,,,,,,,
menu planning activities,FALSE,,0.28718040600119543,,,,,,,
how can i get better at meal planning?,FALSE,,0.3887340514287417,,,,informational,59,85,2025-05-13
complete menu plan,FALSE,,0.28718040600119543,,,,,,,
meal planner 101,FALSE,,0.28718040600119543,,,,,,,
meal planning help healthy,FALSE,,0.28718040600119543,,,,,,,
meal planning two,FALSE,,0.3002761672554479,,,,,,,
uses meal planning,FALSE,,0.28718040600119543,,,,,,,
organizing meal planning,FALSE,,0.28718040600119543,,,,,,,
what is the best menu planning app?,FALSE,,0.3887340514287417,,,,commercial,50,88,2024-11-20
how long can you keep meal prep in the fridge?,FALSE,,0.3887340514287417,,,,informational,40,85,2025-03-29
what is mealime?,FALSE,,0.3887340514287417,,,,informational,41,94,2025-04-08
what are emeals?,FALSE,,0.3887340514287417,,,,informational,35,82,2025-03-08
does walmart have meal kits?,FALSE,,0.2982183328461866,,,,transactional,41,79,2025-03-21
what time is meal time?,FALSE,,0.2982183328461866,,,,informational,50,88,2025-05-23
what is meal sharing?,FALSE,,0.2982183328461866,,,,informational,32,80,2025-03-29
how can a large family eat healthy?,FALSE,,0.3887340514287417,,,,informational,47,92,2025-03-06
free family meal planning menu,FALSE,,0.28718040600119543,,,,,,,
meal planning website for others,FALSE,,0.28718040600119543,,,,,,,
meal planning website for new moms,FALSE,,0.2837946204978662,,,,,,,
how do i plan my meals?,FALSE,,0.3887340514287417,,,,,55,88,2025-05-12
is there an app that tells you what to eat?,FALSE,,0.3887340514287417,,,,informational,59,82,2025-02-13
make eating plan,FALSE,,0.28718040600119543,,,,,,,
what is plan to eat?,FALSE,,0.2982183328461866,,,,commercial,37,82,2024-11-20
is there a meal planning app?,FALSE,,0.3887340514287417,,,,commercial,57,88,2025-04-06
everyday meal planner,FALSE,,0.28718040600119543,,,,,,,
how do i get into meal planning?,FALSE,,0.3887340514287417,,,,,,,
what is myplate food guide?,FALSE,,0.3887340514287417,,,,informational,59,85,2024-09-26
what is the iphone dinner app?,FALSE,,0.2982183328461866,,,,navigational,53,91,2025-03-06
how do i plan my grocery shopping?,FALSE,,0.3887340514287417,,,,commercial,43,75,2025-02-24
how do you plan a grocery store?,FALSE,,0.3887340514287417,,,,informational,29,77,2025-03-15
how can i maximize my grocery shopping?,FALSE,,0.2982183328461866,,,,informational,49,64,2025-07-07
how can i personalize my diet?,FALSE,,0.2982183328461866,,,,informational,58,82,2025-03-13
what is a food plan?,FALSE,,0.3887340514287417,,,,informational,39,88,2024-12-23
how do you meal prep ideas?,FALSE,,0.3887340514287417,,,,commercial,62,85,2024-11-05
what are some good meal prep ideas?,FALSE,,0.3887340514287417,,,,informational,55,40,2024-07-15
does meal planning save you money?,FALSE,,0.3887340514287417,,,,informational,37,88,2025-05-13
what is the best online meal planner?,FALSE,,0.3887340514287417,,,,,46,85,2025-05-12
how do i make a weekly menu plan?,FALSE,,0.3887340514287417,,,,informational,42,92,2024-11-12
how do i start a meal plan for a week?,FALSE,,0.3887340514287417,,,,informational,55,85,2025-05-13
how do you write a meal plan for a week?,FALSE,,0.3887340514287417,,,,informational,55,85,2025-05-13
what is the meal planning?,FALSE,,0.3887340514287417,,,,informational,48,85,2025-03-19
what is meal planning wikipedia,FALSE,,0.28718040600119543,,,,,,,
what is emeals?,FALSE,,0.2982183328461866,,,,informational,43,35,2024-11-20
how can i eat healthy daily menu?,FALSE,,0.2982183328461866,,,,informational,61,79,2024-07-15
what is the cooking light diet?,FALSE,,0.2982183328461866,,,,navigational,51,79,2025-02-26
how do you cancel the light cooking diet?,FALSE,,0.2982183328461866,,,,informational,45,85,2024-12-03
difference meal planning,FALSE,,0.28718040600119543,,,,,,,
how do i get alexa to read a recipe?,FALSE,,0.2982183328461866,,,,,,,
can alexa help with recipes?,FALSE,,0.2982183328461866,,,,,,,
can alexa make coffee?,FALSE,,0.2982183328461866,,,,informational,50,85,2024-10-14
does keurig work with alexa?,FALSE,,0.2982183328461866,,,,informational,44,82,2024-10-14
what is the eat clean diet plan?,FALSE,,0.3887340514287417,,,,informational,49,82,2025-01-10
how do you plan a meal and grocery shop on a budget?,FALSE,,0.3887340514287417,,,,informational,52,85,2025-04-07
what is the 21 day meal plan?,FALSE,,0.3887340514287417,,,,informational,47,79,2024-08-27
how do i create a healthy diet plan?,FALSE,,0.3887340514287417,,,,informational,67,83,2025-03-25
how do i create a balanced diet plan?,FALSE,,0.3887340514287417,,,,informational,67,83,2025-05-12
how do i plan my weekly family menu?,FALSE,,0.3887340514287417,,,,informational,38,81,2024-11-19
how do i plan my diet to lose weight?,FALSE,,0.3887340514287417,,,,informational,63,88,2025-01-10
how do you make a diet plan to lose weight?,FALSE,,0.3887340514287417,,,,informational,70,79,2025-04-01
is myfitnesspal a good way to lose weight?,FALSE,,0.2982183328461866,,,,,,,
healthy eating plan calendar,FALSE,,0.28718040600119543,,,,,,,
how do i stick to my meal plan?,FALSE,,0.3887340514287417,,,,informational,40,85,2025-05-13
what are the 3 meals of the day?,FALSE,,0.28331093685453346,,,,informational,52,79,2025-03-22
how do i write a healthy meal plan?,FALSE,,0.3887340514287417,,,,informational,59,85,2025-04-08
what is a good daily meal plan?,FALSE,,0.3887340514287417,,,,informational,59,83,2024-11-08
how do you prep meals?,FALSE,,0.3887340514287417,,,,informational,60,88,2024-11-22
how do i make my own meal plan?,FALSE,,0.3887340514287417,,,,,53,85,2025-05-12
how can i eat healthy every week?,FALSE,,0.3887340514287417,,,,informational,65,92,2025-02-20
what are the advantages of meal planning?,FALSE,,0.3887340514287417,,,,informational,46,77,2024-07-19
what should i eat on a very tight budget?,FALSE,,0.3887340514287417,,,,informational,59,92,2025-04-01
how do you plan groceries for a week?,FALSE,,0.3887340514287417,,,,informational,50,88,2024-09-11
how do you meal prep for the whole week?,FALSE,,0.3887340514287417,,,,informational,47,76,2025-03-20
what is menu planning in food service?,FALSE,,0.3887340514287417,,,,,23,85,2025-03-20
is meal prepping healthy?,FALSE,,0.3887340514287417,,,,informational,60,85,2025-04-08
what is the menu planning?,FALSE,,0.3887340514287417,,,,informational,25,82,2024-06-22
what do you need to meal prep?,FALSE,,0.3887340514287417,,,,informational,55,77,2024-12-23
what are good things to meal prep?,FALSE,,0.3887340514287417,,,,informational,55,89,2025-03-26
what is the importance of menu planning?,FALSE,,0.3887340514287417,,,,informational,35,82,2024-07-13
how do i create a nutrition plan?,FALSE,,0.3887340514287417,,,,informational,57,85,2025-04-06
how do i plan a 2 week meal plan?,FALSE,,0.3887340514287417,,,,informational,31,82,2025-04-10
what's a meal plan?,FALSE,,0.3887340514287417,,,,informational,36,85,2024-12-13
how do i plan a cheap meal for the week?,FALSE,,0.3887340514287417,,,,,53,85,2025-05-12
how do i organize my grocery list?,FALSE,,0.3887340514287417,,,,informational,41,85,2024-10-18
how do i organize my meal plan?,FALSE,,0.3887340514287417,,,,informational,37,77,2024-11-20
what should a healthy meal consist of?,FALSE,,0.3887340514287417,,,,,73,94,2025-05-07
what should each meal consist of?,FALSE,,0.3887340514287417,,,,informational,61,97,2025-03-25
why should i meal plan?,FALSE,,0.3887340514287417,,,,informational,52,88,2025-05-31
why you should plan your meals?,FALSE,,0.3887340514287417,,,,,,,
what should i eat all week?,FALSE,,0.3887340514287417,,,,informational,42,97,2024-07-16
what should i eat for a balanced diet?,FALSE,,0.3887340514287417,,,,informational,71,93,2025-03-25
what should i eat for a week?,FALSE,,0.3887340514287417,,,,informational,56,94,2025-04-10
what is a 1500 calorie meal?,FALSE,,0.3887340514287417,,,,,,,
what is a sustainable meal?,FALSE,,0.3887340514287417,,,,,,,
what is the ideal meal plan?,FALSE,,0.3887340514287417,,,,informational,68,82,2025-05-15
what should i order for takeout?,FALSE,,0.2982183328461866,,,,informational,46,85,2025-04-07
what can i fix for supper?,FALSE,,0.3887340514287417,,,,informational,52,97,2025-04-09
what should i fix for dinner this week?,FALSE,,0.3887340514287417,,,,informational,53,82,2024-06-24
what is prepear?,FALSE,,0.3887340514287417,,,,navigational,46,35,2025-01-24
how much do people spend a week on food?,FALSE,,0.3887340514287417,,,,,,,
is it cheaper to eat at home or out?,FALSE,,0.3887340514287417,,,,informational,51,94,2025-03-28
how much money can you save by eating at home?,FALSE,,0.3887340514287417,,,,,,,
how can i save money on healthy groceries?,FALSE,,0.3887340514287417,,,,,,,
how can i save money on my food bill?,FALSE,,0.3887340514287417,,,,informational,40,88,2025-05-14
what should i eat to save money?,FALSE,,0.3887340514287417,,,,informational,47,94,2025-06-16
how can i save the most money on food?,FALSE,,0.3887340514287417,,,,informational,46,88,2025-06-29
what should i make for the week?,FALSE,,0.3887340514287417,,,,informational,52,77,2025-05-17
what should i make on a saturday night?,FALSE,,0.3887340514287417,,,,informational,54,85,2025-04-09
what is the recommended daily food intake?,FALSE,,0.3887340514287417,,,,informational,68,94,2025-02-06
what should your daily diet consist of?,FALSE,,0.3887340514287417,,,,informational,70,82,2025-02-02
what is the healthiest diet to lose weight?,FALSE,,0.3887340514287417,,,,informational,71,97,2024-12-24
what diet is the healthiest?,FALSE,,0.3887340514287417,,,,informational,71,97,2025-04-08
why meal prepping is important?,FALSE,,0.3887340514287417,,,,commercial,56,89,2025-02-03
why is it important to prep your meals?,FALSE,,0.3887340514287417,,,,,,,
how do you do meal planning?,FALSE,,0.3887340514287417,,,,,,,
how do you make meal planning fun?,FALSE,,0.3887340514287417,,,,informational,38,88,2025-05-15
how do you plan a meal for kids?,FALSE,,0.3887340514287417,,,,informational,34,85,2025-03-25
how do kids plan meals?,FALSE,,0.3887340514287417,,,,informational,31,80,2024-11-12
how much does fresh meal plan cost?,FALSE,,0.3887340514287417,,,,informational,26,88,2025-02-25
how much is a meal plan?,FALSE,,0.3887340514287417,,,,informational,38,81,2025-03-25
how much does the fresh 20 cost?,FALSE,,0.2982183328461866,,,,transactional,42,88,2025-04-08
what should i cook for the week?,FALSE,,0.3887340514287417,,,,commercial,50,94,2025-05-16
what can i cook with paprika?,FALSE,,0.2982183328461866,,,,informational,45,77,2025-03-22
how do you make a meal?,FALSE,,0.3887340514287417,,,,informational,40,79,2024-07-16
how do college students make food?,FALSE,,0.2982183328461866,,,,informational,46,85,2025-02-26
how do you do a meal plan?,FALSE,,0.2982183328461866,,,,informational,53,85,2024-11-20
meal planning blogspot,FALSE,,0.28718040600119543,,,,,,,
what are the factors affecting meal planning?,FALSE,,0.3887340514287417,,,,informational,35,79,2024-07-19
what is nutritional analysis software?,FALSE,,0.2982183328461866,,,,commercial,36,82,2025-03-20
how much does mealime cost?,FALSE,,0.3887340514287417,,,,informational,43,88,2025-04-08
how much is mealime pro?,FALSE,,0.2982183328461866,,,,navigational,46,85,2025-05-17
how much does meal prep cost?,FALSE,,0.3887340514287417,,,,informational,25,88,2025-03-29
cost of meal planning,FALSE,,0.28718040600119543,,,,,,,
how do you plan a healthy meal on a budget?,FALSE,,0.3887340514287417,,,,informational,55,88,2025-02-28
what can you eat when eating clean?,FALSE,,0.2982183328461866,,,,informational,55,83,2024-08-24
how do you make a good meal plan?,FALSE,,0.2982183328461866,,,,informational,57,83,2025-05-17
how do i cancel my subscription to emeals?,FALSE,,0.3887340514287417,,,,informational,32,82,2025-02-14
how do i cancel emeals free trial?,FALSE,,0.3887340514287417,,,,informational,29,82,2024-09-05
how do i cancel my emeals subscription?,FALSE,,0.2982183328461866,,,,informational,29,82,2024-09-05
how do i organize my meals for the week?,FALSE,,0.3887340514287417,,,,informational,40,82,2025-05-17
how do you organize your meals for the week?,FALSE,,0.3887340514287417,,,,,40,82,2025-03-20
how do you organize your meals?,FALSE,,0.2982183328461866,,,,informational,46,77,2024-07-11
organized meals,FALSE,,0.28718040600119543,,,,,,,
creating a meal planner,FALSE,,0.28718040600119543,,,,,,,
which meal subscription is best?,FALSE,,0.3887340514287417,,,,commercial,58,91,2025-04-03
is it healthy to eat 1800 calories a day?,FALSE,,0.2982183328461866,,,,,,,
what is the healthiest eating plan?,FALSE,,0.3887340514287417,,,,informational,74,85,2025-03-16
what is the healthiest meal plan?,FALSE,,0.2982183328461866,,,,informational,66,88,2025-01-26
how much does emeals cost per month?,FALSE,,0.3887340514287417,,,,informational,29,82,2024-11-04
how much is emeals a month?,FALSE,,0.3887340514287417,,,,informational,31,82,2024-11-20
how much is emeals monthly?,FALSE,,0.2982183328461866,,,,informational,34,85,2024-11-04
how much do emeals cost?,FALSE,,0.3887340514287417,,,,informational,33,79,2024-09-13
how much does emeals cost?,FALSE,,0.2982183328461866,,,,informational,34,88,2024-11-20
what should my grocery budget be?,FALSE,,0.3887340514287417,,,,informational,44,80,2025-04-01
how do you budget for grocery shopping?,FALSE,,0.2982183328461866,,,,,36,80,2025-07-08
what is cook smarts?,FALSE,,0.3887340514287417,,,,navigational,43,85,2025-01-24
how can you improve your cooking skills?,FALSE,,0.2982183328461866,,,,informational,42,94,2025-04-02
what is the best app for healthy eating?,FALSE,,0.3887340514287417,,,,informational,63,97,2025-04-08
what are the best diet apps?,FALSE,,0.2982183328461866,,,,commercial,55,85,2024-07-05
what is evolution nutrition?,FALSE,,0.2982183328461866,,,,,42,36,2025-05-14
what's a nutrition plan?,FALSE,,0.2982183328461866,,,,,,,
what is a diabetes meal plan?,FALSE,,0.3887340514287417,,,,informational,62,79,2025-02-05
what is the cheapest meal to make at home?,FALSE,,0.3887340514287417,,,,commercial,52,97,2025-01-14
what is menu planner?,FALSE,,0.3887340514287417,,,,informational,45,80,2025-04-08
how can i eat healthy for free?,FALSE,,0.3887340514287417,,,,informational,67,88,2025-03-25
how can i lose weight for free?,FALSE,,0.28331093685453346,,,,informational,70,85,2025-04-09
what should i buy for a grocery list?,FALSE,,0.3887340514287417,,,,commercial,47,79,2025-03-09
what should be on a healthy grocery list?,FALSE,,0.2982183328461866,,,,commercial,51,89,2024-11-12
what should i put on my grocery list?,FALSE,,0.2982183328461866,,,,commercial,50,89,2025-04-01
what is the best food app?,FALSE,,0.2982183328461866,,,,commercial,47,94,2024-12-04
which is the best cooking app?,FALSE,,0.2982183328461866,,,,commercial,59,83,2025-04-08
how do you do a food plan?,FALSE,,0.3887340514287417,,,,,,,
how do i create a food plan?,FALSE,,0.2982183328461866,,,,informational,50,88,2024-10-30
what is the best app for calorie counting?,FALSE,,0.2982183328461866,,,,,,,
is hellofresh available in canada?,FALSE,,0.2982183328461866,,,,navigational,49,82,2025-02-24
what is the plate method of eating?,FALSE,,0.2982183328461866,,,,,,,
how much is a plated meal?,FALSE,,0.2982183328461866,,,,informational,30,85,2025-05-08
what is the best list app for alexa?,FALSE,,0.2982183328461866,,,,navigational,51,79,2025-07-08
what is the best app for grocery list?,FALSE,,0.2982183328461866,,,,commercial,60,85,2024-07-09
is there an app for sharing grocery lists?,FALSE,,0.2982183328461866,,,,commercial,57,85,2025-03-14
how much does eat this much app cost?,FALSE,,0.2982183328461866,,,,commercial,54,88,2024-10-23
how much is the eat this much app?,FALSE,,0.2982183328461866,,,,,,,
what is eat this much?,FALSE,,0.2982183328461866,,,,,56,61,2025-03-20
what is meal planner pro?,FALSE,,0.2982183328461866,,,,commercial,39,85,2025-03-19
is there an app that tells you what to eat to lose weight?,FALSE,,0.2982183328461866,,,,,70,88,2025-05-12
what is the best app for losing weight?,FALSE,,0.28331093685453346,,,,informational,58,38,2025-03-23
planned out meals,FALSE,,0.28718040600119543,,,,,,,
how to plan dinner for a week,FALSE,,0.28718040600119543,,,,,,,
meal plans 101,FALSE,,0.28718040600119543,,,,,,,
weekly meal planner food menu,FALSE,,0.28718040600119543,,,,,,,
dinner weekly menu planner,FALSE,,0.28718040600119543,,,,,,,
weekend menu planning good,FALSE,,0.28718040600119543,,,,,,,
planning meals ahead,FALSE,,0.28718040600119543,,,,,,,
menu food planner,FALSE,,0.28718040600119543,,,,,,,
menu planning to meal planning,FALSE,,0.28718040600119543,,,,,,,
what is the best calorie counter app 2018?,FALSE,,0.28331093685453346,,,,commercial,50,88,2025-03-25